data,loja,produto,quantidade,preco_unitario
2026-04-29,Loja Oeste,Notebook,4.0,3751.02
2026-02-06,Loja Sul,Notebook,1.0,3832.94
2026-05-10,Loja Oeste,Mouse,7.0,83.31
2026-04-01,Loja Norte,Headset,3.0,271.34
2026-03-14,Loja Sul,Headset,7.0,247.17
2026-01-17,Loja Centro,Monitor,5.0,1095.32
2026-02-20,Loja Oeste,Headset,6.0,262.9
2026-01-13,Loja Norte,Mouse,,97.08
2026-05-18,Loja Oeste,Mouse,2.0,89.4
2026-04-09,Loja Centro,Monitor,2.0,1243.93
2026-03-08,Loja Sul,Impressora,8.0,820.39
2026-01-14,Loja Norte,Impressora,4.0,797.21
2026-05-05,Loja Centro,Monitor,4.0,1134.46
2026-06-20,Loja Sul,Teclado,4.0,191.98
2026-01-18,Loja Sul,Mouse,3.0,95.98
2026-06-02,Loja Oeste,Monitor,4.0,
2026-04-26,Loja Sul,Smartphone,2.0,2067.96
2026-05-25,Loja Centro,Headset,7.0,258.24
2026-02-20,Loja Sul,Monitor,7.0,1190.14
2026-01-07,Loja Sul,Teclado,2.0,166.12
2026-04-29,Loja Sul,Monitor,4.0,1215.66
2026-04-15,Loja Oeste,Notebook,6.0,3537.51
2026-05-24,Loja Sul,Notebook,3.0,3171.57
2026-06-27,Loja Norte,Tablet,2.0,1767.07
2026-01-07,Loja Oeste,Impressora,2.0,774.91
2026-06-16,Loja Norte,Headset,3.0,258.1
2026-04-02,Loja Sul,Smartphone,7.0,2272.3
2026-03-17,Loja Norte,Monitor,7.0,1120.07
2026-01-20,Loja Centro,Tablet,1.0,1880.05
2026-05-10,Loja Norte,Mouse,2.0,90.02
2026-04-01,Loja Centro,Impressora,6.0,840.85
2026-02-13,Loja Norte,Smartphone,3.0,2257.32
2026-06-23,Loja Norte,Teclado,1.0,166.25
2026-03-08,Loja Oeste,Tablet,8.0,1871.89
2026-05-19,Loja Norte,Monitor,8.0,1266.9
2026-05-23,Loja Sul,Tablet,4.0,1718.01
2026-03-22,Loja Centro,Notebook,8.0,3469.04
2026-05-11,Loja Centro,Mouse,3.0,91.43
2026-03-25,Loja Centro,Teclado,7.0,189.31
2026-05-01,Loja Sul,Monitor,,1230.55
2026-01-18,Loja Sul,Smartphone,6.0,2017.16
2026-05-23,Loja Norte,Headset,1.0,249.7
2026-04-30,Loja Norte,Smartphone,2.0,2025.5
2026-05-24,Loja Sul,Smartphone,2.0,2387.05
2026-03-22,Loja Sul,Impressora,3.0,865.46
2026-01-28,Loja Centro,Tablet,8.0,1793.63
2026-01-12,Loja Oeste,Monitor,1.0,1196.8
2026-03-21,Loja Norte,Mouse,8.0,91.29
2026-05-27,Loja Norte,Teclado,3.0,173.94
2026-06-03,Loja Sul,Teclado,4.0,162.78
2026-01-02,Loja Oeste,Tablet,8.0,1670.49
2026-02-27,Loja Sul,Tablet,1.0,
2026-02-14,Loja Norte,Notebook,6.0,3658.9
2026-02-28,Loja Oeste,Impressora,1.0,920.72
2026-02-12,Loja Centro,Impressora,1.0,859.32
2026-02-26,Loja Norte,Teclado,7.0,191.1
2026-02-06,Loja Norte,Impressora,8.0,814.46
2026-06-13,Loja Sul,Teclado,3.0,195.7
2026-04-07,Loja Centro,Smartphone,1.0,2171.44
2026-01-28,Loja Oeste,Impressora,8.0,892.26
2026-02-10,Loja Oeste,Headset,8.0,250.94
2026-01-05,Loja Norte,Monitor,7.0,1238.8
2026-06-10,Loja Norte,Monitor,1.0,1259.23
2026-01-01,Loja Norte,Monitor,8.0,1137.83
2026-01-13,Loja Centro,Notebook,7.0,3257.3
2026-03-08,Loja Centro,Mouse,5.0,96.74
2026-02-20,Loja Centro,Notebook,3.0,3694.18
2026-04-01,Loja Oeste,Tablet,5.0,1671.8
2026-02-01,Loja Centro,Impressora,2.0,787.41
2026-06-25,Loja Sul,Notebook,1.0,3504.43
2026-05-19,Loja Sul,Impressora,5.0,798.96
2026-01-05,Loja Oeste,Headset,6.0,261.95
2026-03-20,Loja Centro,Headset,1.0,271.38
2026-06-26,Loja Norte,Notebook,3.0,3492.01
2026-02-26,Loja Sul,Teclado,8.0,172.31
2026-04-01,Loja Oeste,Impressora,1.0,859.38
2026-06-02,Loja Sul,Smartphone,1.0,2041.75
2026-01-02,Loja Norte,Mouse,8.0,91.73
2026-05-14,Loja Oeste,Smartphone,7.0,2185.65
2026-06-03,Loja Oeste,Mouse,1.0,82.96
2026-02-15,Loja Oeste,Tablet,7.0,1703.75
2026-05-19,Loja Sul,Tablet,5.0,1932.39
2026-02-22,Loja Sul,Headset,4.0,243.71
2026-01-21,Loja Norte,Impressora,6.0,912.47
2026-04-07,Loja Norte,Tablet,2.0,1705.2
2026-06-02,Loja Sul,Impressora,7.0,782.9
2026-03-28,Loja Centro,Impressora,5.0,789.85
2026-02-27,Loja Oeste,Smartphone,3.0,2043.3
2026-04-19,Loja Oeste,Impressora,,813.4
2026-03-24,Loja Centro,Teclado,1.0,162.76
2026-02-05,Loja Centro,Mouse,2.0,81.96
2026-04-04,Loja Sul,Monitor,6.0,1174.47
2026-06-28,Loja Norte,Headset,5.0,268.75
2026-04-08,Loja Oeste,Headset,1.0,234.07
2026-02-11,Loja Centro,Impressora,2.0,862.11
2026-02-21,Loja Norte,Impressora,1.0,828.51
2026-06-11,Loja Sul,Impressora,1.0,906.69
2026-03-15,Loja Centro,Notebook,8.0,3219.38
2026-05-25,Loja Oeste,Headset,8.0,273.98
2026-04-15,Loja Oeste,Tablet,7.0,1851.29
2026-05-14,Loja Oeste,Teclado,2.0,181.3
2026-06-25,Loja Sul,Tablet,7.0,1786.61
2026-05-05,Loja Norte,Headset,6.0,
2026-03-20,Loja Centro,Notebook,4.0,3441.82
2026-03-03,Loja Centro,Teclado,3.0,175.19
2026-03-20,Loja Norte,Mouse,4.0,93.34
2026-05-24,Loja Norte,Smartphone,8.0,2383.19
2026-05-20,Loja Norte,Headset,3.0,251.77
2026-03-30,Loja Oeste,Impressora,6.0,901.75
2026-05-19,Loja Sul,Teclado,6.0,172.37
2026-01-07,Loja Sul,Smartphone,2.0,2285.71
2026-06-16,Loja Oeste,Teclado,2.0,184.12
2026-04-23,Loja Centro,Mouse,6.0,82.52
2026-05-11,Loja Oeste,Teclado,2.0,196.52
2026-03-15,Loja Oeste,Smartphone,5.0,2324.35
2026-06-18,Loja Oeste,Impressora,8.0,808.08
2026-01-10,Loja Sul,Mouse,1.0,92.09
2026-01-24,Loja Centro,Smartphone,5.0,2231.87
2026-05-03,Loja Norte,Monitor,5.0,1263.34
2026-04-04,Loja Oeste,Impressora,4.0,866.93